﻿<?xml version="1.0" encoding="utf-8"?>
<deployment>
  <id>a6c83af7-d2d2-42e8-8dfe-e0b41127c1ba</id>
  <author>N/A</author>
  <deployer>Push-Deployer</deployer>
  <authorEmail>N/A</authorEmail>
  <message>Created via a push deployment</message>
  <progress></progress>
  <status>Success</status>
  <statusText></statusText>
  <lastSuccessEndTime>2025-11-21T21:45:06.7087908Z</lastSuccessEndTime>
  <receivedTime>2025-11-21T21:44:55.6084045Z</receivedTime>
  <startTime>2025-11-21T21:44:57.2024161Z</startTime>
  <endTime>2025-11-21T21:45:06.7087908Z</endTime>
  <complete>True</complete>
  <is_temp>False</is_temp>
  <is_readonly>True</is_readonly>
  <buildSummary />
</deployment>