﻿<?xml version="1.0" encoding="utf-8"?>
<deployment>
  <id>cbb2c93f-8833-48c9-ada7-c90422854c1d</id>
  <author>N/A</author>
  <deployer>Push-Deployer</deployer>
  <authorEmail>N/A</authorEmail>
  <message>Created via a push deployment</message>
  <progress></progress>
  <status>Success</status>
  <statusText></statusText>
  <lastSuccessEndTime>2025-11-21T22:19:54.1729815Z</lastSuccessEndTime>
  <receivedTime>2025-11-21T22:19:35.0420282Z</receivedTime>
  <startTime>2025-11-21T22:19:37.1542028Z</startTime>
  <endTime>2025-11-21T22:19:54.1729815Z</endTime>
  <complete>True</complete>
  <is_temp>False</is_temp>
  <is_readonly>True</is_readonly>
  <buildSummary />
</deployment>