﻿<?xml version="1.0" encoding="utf-8"?>
<deployment>
  <id>ffd2a259-37b0-4795-9a2c-04b08dfd42b1</id>
  <author>N/A</author>
  <deployer>Push-Deployer</deployer>
  <authorEmail>N/A</authorEmail>
  <message>Created via a push deployment</message>
  <progress></progress>
  <status>Success</status>
  <statusText></statusText>
  <lastSuccessEndTime>2025-11-21T21:40:26.0368391Z</lastSuccessEndTime>
  <receivedTime>2025-11-21T21:40:14.1768985Z</receivedTime>
  <startTime>2025-11-21T21:40:15.5950226Z</startTime>
  <endTime>2025-11-21T21:40:26.0368391Z</endTime>
  <complete>True</complete>
  <is_temp>False</is_temp>
  <is_readonly>True</is_readonly>
  <buildSummary />
</deployment>