﻿<?xml version="1.0" encoding="utf-8"?>
<deployment>
  <id>361315cd-0c33-410a-b22b-337f889c5e1b</id>
  <author>N/A</author>
  <deployer>Push-Deployer</deployer>
  <authorEmail>N/A</authorEmail>
  <message>Created via a push deployment</message>
  <progress></progress>
  <status>Success</status>
  <statusText></statusText>
  <lastSuccessEndTime>2025-11-21T22:01:03.1243077Z</lastSuccessEndTime>
  <receivedTime>2025-11-21T22:00:55.5021397Z</receivedTime>
  <startTime>2025-11-21T22:00:56.8795506Z</startTime>
  <endTime>2025-11-21T22:01:03.1243077Z</endTime>
  <complete>True</complete>
  <is_temp>False</is_temp>
  <is_readonly>True</is_readonly>
  <buildSummary />
</deployment>