<step title="Incoming Request" date="2025-11-21T22:30:00.007" instance="dde5c5" url="/api/zipdeploy?isAsync=true" method="POST" type="request" pid="839,1,30" Accept="application/json" Host="app-uag4hinooa2z6.scm.azurewebsites.net" User-Agent="azsdk-go-zip-deploy/1.0.0 (go1.25.0 X:loopvar; Windows_NT),azdev/1.20.3 (Go go1.25.0 X:loopvar; windows/amd64)" Accept-Encoding="gzip" Authorization="Bea..." Content-Type="application/octet-stream" Content-Length="5346188" x-ms-correlation-request-id="93d75fedbff8212cc91dc55dfcc3f242" X-ARR-LOG-ID="93d75fed-bff8-212c-c91d-c55dfcc3f242" CLIENT-IP="47.189.168.112:50727" X-SITE-DEPLOYMENT-ID="app-uag4hinooa2z6" WAS-DEFAULT-HOSTNAME="app-uag4hinooa2z6.scm.azurewebsites.net" X-Forwarded-Proto="https" X-AppService-Proto="https" X-Forwarded-TlsVersion="1.3" X-WAWS-Unencoded-URL="/api/zipdeploy?isAsync=true" X-Client-IP="47.189.168.112" X-Client-Port="50727" >
  <step title="Cleanup Xml Logs" date="2025-11-21T22:30:00.053" /><!-- duration: 30ms -->
  <step title="ZipPushDeploy" date="2025-11-21T22:30:00.163" >
    <step title="ZipDeploy. Extract zip." date="2025-11-21T22:30:00.175" /><!-- duration: 5ms -->
    <step title="Starting PushDeployAsync" date="2025-11-21T22:30:00.189" /><!-- duration: 5ms -->
    <step title="Writing artifact to /tmp/zipdeploy/8486b981-07c1-426c-a5de-34309c335c7d.zip" date="2025-11-21T22:30:00.214" >
      <step title="Writing multipart request body to /tmp/zipdeploy/8486b981-07c1-426c-a5de-34309c335c7d.zip" date="2025-11-21T22:30:00.220" /><!-- duration: 7ms -->
    </step><!-- duration: 149ms -->
    <step title="Start deployment in the background" date="2025-11-21T22:30:00.381" >
      <step title="Acquiring Deployment Lock" date="2025-11-21T22:30:00.402" /><!-- duration: 4ms -->
      <step title="Acquired Deployment Lock" date="2025-11-21T22:30:00.438" /><!-- duration: 5ms -->
    </step><!-- duration: 200ms -->
  </step><!-- duration: 428ms -->
  <step title="Outgoing response" date="2025-11-21T22:30:00.597" type="response" statusCode="202" statusText="Accepted" /><!-- duration: 8ms -->
</step><!-- duration: 609ms -->
