<step title="Incoming Request" date="2025-11-21T22:00:50.082" instance="dde5c5" url="/api/zipdeploy?isAsync=true" method="POST" type="request" pid="834,1,19" Accept="application/json" Host="app-uag4hinooa2z6.scm.azurewebsites.net" User-Agent="azsdk-go-zip-deploy/1.0.0 (go1.25.0 X:loopvar; Windows_NT),azdev/1.20.3 (Go go1.25.0 X:loopvar; windows/amd64)" Accept-Encoding="gzip" Authorization="Bea..." Content-Type="application/octet-stream" Content-Length="5174806" x-ms-correlation-request-id="e4fdaba523a098c9e442d907bb68f799" X-ARR-LOG-ID="e4fdaba5-23a0-98c9-e442-d907bb68f799" CLIENT-IP="47.189.168.112:62705" X-SITE-DEPLOYMENT-ID="app-uag4hinooa2z6" WAS-DEFAULT-HOSTNAME="app-uag4hinooa2z6.scm.azurewebsites.net" X-Forwarded-Proto="https" X-AppService-Proto="https" X-Forwarded-TlsVersion="1.3" X-WAWS-Unencoded-URL="/api/zipdeploy?isAsync=true" X-Client-IP="47.189.168.112" X-Client-Port="62705" >
  <step title="Cleanup Xml Logs" date="2025-11-21T22:00:50.103" /><!-- duration: 16ms -->
  <step title="ZipPushDeploy" date="2025-11-21T22:00:50.276" >
    <step title="ZipDeploy. Extract zip." date="2025-11-21T22:00:50.313" /><!-- duration: 17ms -->
    <step title="None repository commit" date="2025-11-21T22:00:50.352" >
      <step title="Commit id: 361315cd-0c33-410a-b22b-337f889c5e1b" date="2025-11-21T22:00:50.357" Message="N/A" AuthorName="N/A" AuthorEmail="N/A" /><!-- duration: 4ms -->
    </step><!-- duration: 13ms -->
    <step title="Starting PushDeployAsync" date="2025-11-21T22:00:50.374" /><!-- duration: 5ms -->
    <step title="Writing artifact to /tmp/zipdeploy/c3eb0823-e253-475b-acdf-cca03928744e.zip" date="2025-11-21T22:00:50.425" >
      <step title="Writing multipart request body to /tmp/zipdeploy/c3eb0823-e253-475b-acdf-cca03928744e.zip" date="2025-11-21T22:00:50.432" /><!-- duration: 19ms -->
    </step><!-- duration: 248ms -->
    <step title="Start deployment in the background" date="2025-11-21T22:00:50.706" >
      <step title="Acquiring Deployment Lock" date="2025-11-21T22:00:50.752" /><!-- duration: 4ms -->
      <step title="Acquired Deployment Lock" date="2025-11-21T22:00:50.849" /><!-- duration: 4ms -->
    </step><!-- duration: 299ms -->
  </step><!-- duration: 744ms -->
  <step title="Outgoing response" date="2025-11-21T22:00:51.046" type="response" statusCode="202" statusText="Accepted" /><!-- duration: 6ms -->
</step><!-- duration: 974ms -->
