<step title="Incoming Request" date="2025-11-21T21:40:06.019" instance="dde5c5" url="/api/zipdeploy?isAsync=true" method="POST" type="request" pid="835,1,7" Accept="application/json" Host="app-uag4hinooa2z6.scm.azurewebsites.net" User-Agent="azsdk-go-zip-deploy/1.0.0 (go1.25.0 X:loopvar; Windows_NT),azdev/1.20.3 (Go go1.25.0 X:loopvar; windows/amd64)" Accept-Encoding="gzip" Authorization="Bea..." Content-Type="application/octet-stream" Content-Length="5173517" X-Ms-Correlation-Request-Id="6cb8b2e97ea30a51041c6cc12571e5fd" X-ARR-LOG-ID="6cb8b2e9-7ea3-0a51-041c-6cc12571e5fd" CLIENT-IP="47.189.168.112:49698" X-SITE-DEPLOYMENT-ID="app-uag4hinooa2z6" WAS-DEFAULT-HOSTNAME="app-uag4hinooa2z6.scm.azurewebsites.net" X-Forwarded-Proto="https" X-AppService-Proto="https" X-Forwarded-TlsVersion="1.3" X-WAWS-Unencoded-URL="/api/zipdeploy?isAsync=true" X-Client-IP="47.189.168.112" X-Client-Port="49698" >
  <step title="ZipPushDeploy" date="2025-11-21T21:40:08.682" >
    <step title="ZipDeploy. Extract zip." date="2025-11-21T21:40:08.796" /><!-- duration: 27ms -->
    <step title="None repository commit" date="2025-11-21T21:40:08.884" >
      <step title="Commit id: ffd2a259-37b0-4795-9a2c-04b08dfd42b1" date="2025-11-21T21:40:08.911" Message="N/A" AuthorName="N/A" AuthorEmail="N/A" /><!-- duration: 33ms -->
    </step><!-- duration: 65ms -->
    <step title="Starting PushDeployAsync" date="2025-11-21T21:40:08.956" /><!-- duration: 9ms -->
    <step title="Writing artifact to /tmp/zipdeploy/f77f56fc-e122-4414-a987-4de196ca496c.zip" date="2025-11-21T21:40:09.046" >
      <step title="Writing multipart request body to /tmp/zipdeploy/f77f56fc-e122-4414-a987-4de196ca496c.zip" date="2025-11-21T21:40:09.067" /><!-- duration: 29ms -->
    </step><!-- duration: 385ms -->
    <step title="Start deployment in the background" date="2025-11-21T21:40:09.453" >
      <step title="Acquiring Deployment Lock" date="2025-11-21T21:40:09.512" /><!-- duration: 18ms -->
      <step title="Acquired Deployment Lock" date="2025-11-21T21:40:09.580" /><!-- duration: 10ms -->
    </step><!-- duration: 327ms -->
  </step><!-- duration: 1121ms -->
  <step title="Outgoing response" date="2025-11-21T21:40:09.823" type="response" statusCode="202" statusText="Accepted" /><!-- duration: 22ms -->
</step><!-- duration: 3833ms -->
