<step title="BackgroundTrace" date="2025-11-21T22:00:50.711" instance="dde5c5" url="/api/zipdeploy" method="POST" >
  <step title="Creating temporary deployment - FetchDeploymentManager" date="2025-11-21T22:00:50.861" /><!-- duration: 3ms -->
  <step title="Creating temporary deployment" date="2025-11-21T22:00:50.870" /><!-- duration: 126ms -->
  <step title="Performing fetch based deployment" date="2025-11-21T22:00:51.081" >
    <step title="Cleaning up temp folders from previous zip deployments and extracting pushed zip file /tmp/zipdeploy/c3eb0823-e253-475b-acdf-cca03928744e.zip (4.94 MB) to /tmp/zipdeploy/extracted" date="2025-11-21T22:00:52.572" >
      <step title="ChmodRecursive Process exited with total time taken in ms: 199" date="2025-11-21T22:00:53.324" /><!-- duration: 10ms -->
    </step><!-- duration: 772ms -->
    <step title="Deployment timer started" date="2025-11-21T22:00:55.402" >
      <step title="DeploymentManager.Deploy(id:361315cd-0c33-410a-b22b-337f889c5e1b)" date="2025-11-21T22:00:55.414" >
        <step title="Collecting changeset information" date="2025-11-21T22:00:55.437" /><!-- duration: 118ms -->
        <step title="Updating submodules" date="2025-11-21T22:00:55.564" /><!-- duration: 1141ms -->
        <step title="Determining deployment builder" date="2025-11-21T22:00:56.977" >
          <step title="Builder is BasicBuilder" date="2025-11-21T22:00:57.005" /><!-- duration: 6ms -->
        </step><!-- duration: 40ms -->
        <step title="PreDeployment: context.CleanOutputPath False" date="2025-11-21T22:00:57.066" >
          <step title="PreDeployment: context.OutputPath /home/site/wwwroot" date="2025-11-21T22:00:57.205" >
            <step title="Building" date="2025-11-21T22:00:57.374" >
              <step title="Executing external process" date="2025-11-21T22:00:57.732" type="process" path="starter.sh" arguments="/opt/Kudu/Scripts/parallel_rsync.sh /tmp/zipdeploy/extracted /home/site/wwwroot 8 /tmp/ False True  " /><!-- duration: 4536ms -->
              <step title="Triggering recycle (preview mode disabled)." date="2025-11-21T22:01:02.618" /><!-- duration: 4ms -->
              <step title="Modified file to trigger a restart of the app container." date="2025-11-21T22:01:02.661" /><!-- duration: 7ms -->
              <step title="Skip function trigger and logicapp sync because function is not enabled." date="2025-11-21T22:01:02.678" /><!-- duration: 21ms -->
            </step><!-- duration: 6248ms -->
          </step><!-- duration: 6431ms -->
          <step title="Cleaning up temp files" date="2025-11-21T22:01:03.641" /><!-- duration: 6ms -->
          <step title="Cleaning up temp files" date="2025-11-21T22:01:03.651" /><!-- duration: 505ms -->
          <step title="Reloading status file with latest updates" date="2025-11-21T22:01:04.213" >
            <step title="WebHooksManager.PublishEventAsync: PostDeployment" date="2025-11-21T22:01:04.218" /><!-- duration: 107ms -->
          </step><!-- duration: 118ms -->
          <step title="Cleaning up temporary deployment - fetch deployment was successful" date="2025-11-21T22:01:04.338" /><!-- duration: 4ms -->
        </step><!-- duration: 7374ms -->
      </step><!-- duration: 9056ms -->
