<step title="Incoming Request" date="2025-11-21T21:44:50.732" instance="dde5c5" url="/api/zipdeploy?isAsync=true" method="POST" type="request" pid="835,1,28" Accept="application/json" Host="app-uag4hinooa2z6.scm.azurewebsites.net" User-Agent="azsdk-go-zip-deploy/1.0.0 (go1.25.0 X:loopvar; Windows_NT),azdev/1.20.3 (Go go1.25.0 X:loopvar; windows/amd64)" Accept-Encoding="gzip" Authorization="Bea..." Content-Type="application/octet-stream" Content-Length="5173720" x-ms-correlation-request-id="01ac145d8c576148ec99c7527d3c457c" X-ARR-LOG-ID="01ac145d-8c57-6148-ec99-c7527d3c457c" CLIENT-IP="47.189.168.112:54198" X-SITE-DEPLOYMENT-ID="app-uag4hinooa2z6" WAS-DEFAULT-HOSTNAME="app-uag4hinooa2z6.scm.azurewebsites.net" X-Forwarded-Proto="https" X-AppService-Proto="https" X-Forwarded-TlsVersion="1.3" X-WAWS-Unencoded-URL="/api/zipdeploy?isAsync=true" X-Client-IP="47.189.168.112" X-Client-Port="54198" >
  <step title="Cleanup Xml Logs" date="2025-11-21T21:44:50.737" /><!-- duration: 15ms -->
  <step title="ZipPushDeploy" date="2025-11-21T21:44:50.839" >
    <step title="ZipDeploy. Extract zip." date="2025-11-21T21:44:50.859" /><!-- duration: 11ms -->
    <step title="Starting PushDeployAsync" date="2025-11-21T21:44:50.907" /><!-- duration: 11ms -->
    <step title="Writing artifact to /tmp/zipdeploy/59e9bda7-90bf-480e-8476-995db3db984b.zip" date="2025-11-21T21:44:50.956" >
      <step title="Writing multipart request body to /tmp/zipdeploy/59e9bda7-90bf-480e-8476-995db3db984b.zip" date="2025-11-21T21:44:50.970" /><!-- duration: 13ms -->
    </step><!-- duration: 145ms -->
    <step title="Start deployment in the background" date="2025-11-21T21:44:51.122" >
      <step title="Acquiring Deployment Lock" date="2025-11-21T21:44:51.149" /><!-- duration: 8ms -->
      <step title="Acquired Deployment Lock" date="2025-11-21T21:44:51.212" /><!-- duration: 6ms -->
    </step><!-- duration: 212ms -->
  </step><!-- duration: 505ms -->
  <step title="Outgoing response" date="2025-11-21T21:44:51.352" type="response" statusCode="202" statusText="Accepted" /><!-- duration: 5ms -->
</step><!-- duration: 630ms -->
