<step title="Incoming Request" date="2025-11-21T22:19:20.984" instance="dde5c5" url="/api/zipdeploy?isAsync=true" method="POST" type="request" pid="839,1,7" Accept="application/json" Host="app-uag4hinooa2z6.scm.azurewebsites.net" User-Agent="azsdk-go-zip-deploy/1.0.0 (go1.25.0 X:loopvar; Windows_NT),azdev/1.20.3 (Go go1.25.0 X:loopvar; windows/amd64)" Accept-Encoding="gzip" Authorization="Bea..." Content-Type="application/octet-stream" Content-Length="5346188" x-ms-correlation-request-id="4ccd7fdd5ab8ae077af47648de80e029" X-ARR-LOG-ID="4ccd7fdd-5ab8-ae07-7af4-7648de80e029" CLIENT-IP="47.189.168.112:49953" X-SITE-DEPLOYMENT-ID="app-uag4hinooa2z6" WAS-DEFAULT-HOSTNAME="app-uag4hinooa2z6.scm.azurewebsites.net" X-Forwarded-Proto="https" X-AppService-Proto="https" X-Forwarded-TlsVersion="1.3" X-WAWS-Unencoded-URL="/api/zipdeploy?isAsync=true" X-Client-IP="47.189.168.112" X-Client-Port="49953" >
  <step title="ZipPushDeploy" date="2025-11-21T22:19:25.350" >
    <step title="ZipDeploy. Extract zip." date="2025-11-21T22:19:25.407" /><!-- duration: 13ms -->
    <step title="None repository commit" date="2025-11-21T22:19:25.464" >
      <step title="Commit id: cbb2c93f-8833-48c9-ada7-c90422854c1d" date="2025-11-21T22:19:25.476" Message="N/A" AuthorName="N/A" AuthorEmail="N/A" /><!-- duration: 10ms -->
    </step><!-- duration: 39ms -->
    <step title="Starting PushDeployAsync" date="2025-11-21T22:19:25.515" /><!-- duration: 18ms -->
    <step title="Writing artifact to /tmp/zipdeploy/281eabbb-58d4-4722-b6ab-7288634fb1f0.zip" date="2025-11-21T22:19:25.661" >
      <step title="Writing multipart request body to /tmp/zipdeploy/281eabbb-58d4-4722-b6ab-7288634fb1f0.zip" date="2025-11-21T22:19:25.699" /><!-- duration: 26ms -->
    </step><!-- duration: 976ms -->
    <step title="Start deployment in the background" date="2025-11-21T22:19:26.733" >
      <step title="Acquiring Deployment Lock" date="2025-11-21T22:19:26.953" /><!-- duration: 27ms -->
      <step title="Acquired Deployment Lock" date="2025-11-21T22:19:27.097" /><!-- duration: 17ms -->
    </step><!-- duration: 665ms -->
  </step><!-- duration: 2094ms -->
  <step title="Outgoing response" date="2025-11-21T22:19:27.550" type="response" statusCode="202" statusText="Accepted" /><!-- duration: 28ms -->
</step><!-- duration: 6631ms -->
