<step title="BackgroundTrace" date="2025-11-21T21:40:09.459" instance="dde5c5" url="/api/zipdeploy" method="POST" >
  <step title="Cleanup Xml Logs" date="2025-11-21T21:40:09.483" /><!-- duration: 13ms -->
  <step title="Creating temporary deployment - FetchDeploymentManager" date="2025-11-21T21:40:09.595" /><!-- duration: 6ms -->
  <step title="Creating temporary deployment" date="2025-11-21T21:40:09.620" /><!-- duration: 150ms -->
  <step title="Performing fetch based deployment" date="2025-11-21T21:40:09.895" >
    <step title="Cleaning up temp folders from previous zip deployments and extracting pushed zip file /tmp/zipdeploy/f77f56fc-e122-4414-a987-4de196ca496c.zip (4.93 MB) to /tmp/zipdeploy/extracted" date="2025-11-21T21:40:11.199" >
      <step title="ChmodRecursive Process exited with total time taken in ms: 171" date="2025-11-21T21:40:12.014" /><!-- duration: 19ms -->
    </step><!-- duration: 840ms -->
    <step title="Deployment timer started" date="2025-11-21T21:40:14.084" >
      <step title="DeploymentManager.Deploy(id:ffd2a259-37b0-4795-9a2c-04b08dfd42b1)" date="2025-11-21T21:40:14.095" >
        <step title="Collecting changeset information" date="2025-11-21T21:40:14.145" /><!-- duration: 105ms -->
        <step title="Updating submodules" date="2025-11-21T21:40:14.261" /><!-- duration: 1162ms -->
        <step title="Determining deployment builder" date="2025-11-21T21:40:15.702" >
          <step title="Builder is BasicBuilder" date="2025-11-21T21:40:15.751" /><!-- duration: 6ms -->
        </step><!-- duration: 61ms -->
        <step title="PreDeployment: context.CleanOutputPath False" date="2025-11-21T21:40:15.827" >
          <step title="PreDeployment: context.OutputPath /home/site/wwwroot" date="2025-11-21T21:40:16.002" >
            <step title="Building" date="2025-11-21T21:40:16.216" >
              <step title="Executing external process" date="2025-11-21T21:40:16.781" type="process" path="starter.sh" arguments="/opt/Kudu/Scripts/parallel_rsync.sh /tmp/zipdeploy/extracted /home/site/wwwroot 8 /tmp/ False True  " /><!-- duration: 8121ms -->
              <step title="Triggering recycle (preview mode disabled)." date="2025-11-21T21:40:25.547" /><!-- duration: 5ms -->
              <step title="Modified file to trigger a restart of the app container." date="2025-11-21T21:40:25.602" /><!-- duration: 5ms -->
              <step title="Skip function trigger and logicapp sync because function is not enabled." date="2025-11-21T21:40:25.615" /><!-- duration: 5ms -->
            </step><!-- duration: 10139ms -->
          </step><!-- duration: 10375ms -->
          <step title="Cleaning up temp files" date="2025-11-21T21:40:26.397" /><!-- duration: 10ms -->
          <step title="Cleaning up temp files" date="2025-11-21T21:40:26.412" /><!-- duration: 507ms -->
          <step title="Reloading status file with latest updates" date="2025-11-21T21:40:26.969" >
            <step title="WebHooksManager.PublishEventAsync: PostDeployment" date="2025-11-21T21:40:26.976" /><!-- duration: 119ms -->
          </step><!-- duration: 134ms -->
          <step title="Cleaning up temporary deployment - fetch deployment was successful" date="2025-11-21T21:40:27.112" /><!-- duration: 5ms -->
        </step><!-- duration: 11374ms -->
      </step><!-- duration: 13176ms -->
