<step title="Incoming Request" date="2025-11-21T22:17:06.573" instance="dde5c5" url="/api/zipdeploy?isAsync=true" method="POST" type="request" pid="834,1,18" Accept="application/json" Host="app-uag4hinooa2z6.scm.azurewebsites.net" User-Agent="azsdk-go-zip-deploy/1.0.0 (go1.25.0 X:loopvar; Windows_NT),azdev/1.20.3 (Go go1.25.0 X:loopvar; windows/amd64)" Accept-Encoding="gzip" Authorization="Bea..." Content-Type="application/octet-stream" Content-Length="5346054" x-ms-correlation-request-id="ca04574e03868e935e634e6c6cb27bd8" X-ARR-LOG-ID="ca04574e-0386-8e93-5e63-4e6c6cb27bd8" CLIENT-IP="47.189.168.112:55301" X-SITE-DEPLOYMENT-ID="app-uag4hinooa2z6" WAS-DEFAULT-HOSTNAME="app-uag4hinooa2z6.scm.azurewebsites.net" X-Forwarded-Proto="https" X-AppService-Proto="https" X-Forwarded-TlsVersion="1.3" X-WAWS-Unencoded-URL="/api/zipdeploy?isAsync=true" X-Client-IP="47.189.168.112" X-Client-Port="55301" >
  <step title="Cleanup Xml Logs" date="2025-11-21T22:17:06.632" /><!-- duration: 163ms -->
  <step title="ZipPushDeploy" date="2025-11-21T22:17:07.786" >
    <step title="ZipDeploy. Extract zip." date="2025-11-21T22:17:07.938" /><!-- duration: 46ms -->
    <step title="Starting PushDeployAsync" date="2025-11-21T22:17:08.099" /><!-- duration: 31ms -->
    <step title="Writing artifact to /tmp/zipdeploy/6e7407db-1fb3-4402-a0d4-3c89a3b1d9ab.zip" date="2025-11-21T22:17:08.328" >
      <step title="Writing multipart request body to /tmp/zipdeploy/6e7407db-1fb3-4402-a0d4-3c89a3b1d9ab.zip" date="2025-11-21T22:17:08.358" /><!-- duration: 54ms -->
    </step><!-- duration: 1214ms -->
    <step title="Start deployment in the background" date="2025-11-21T22:17:10.180" >
      <step title="Acquiring Deployment Lock" date="2025-11-21T22:17:11.443" /><!-- duration: 10ms -->
      <step title="Acquired Deployment Lock" date="2025-11-21T22:17:13.118" /><!-- duration: 121ms -->
    </step><!-- duration: 4287ms -->
  </step><!-- duration: 6870ms -->
  <step title="Outgoing response" date="2025-11-21T22:17:14.914" type="response" statusCode="202" statusText="Accepted" /><!-- duration: 130ms -->
</step><!-- duration: 8537ms -->
