<step title="BackgroundTrace" date="2025-11-21T22:19:26.761" instance="dde5c5" url="/api/zipdeploy" method="POST" >
  <step title="Cleanup Xml Logs" date="2025-11-21T22:19:26.780" /><!-- duration: 30ms -->
  <step title="Creating temporary deployment - FetchDeploymentManager" date="2025-11-21T22:19:27.127" /><!-- duration: 16ms -->
  <step title="Creating temporary deployment" date="2025-11-21T22:19:27.155" /><!-- duration: 223ms -->
  <step title="Performing fetch based deployment" date="2025-11-21T22:19:27.776" >
    <step title="Cleaning up temp folders from previous zip deployments and extracting pushed zip file /tmp/zipdeploy/281eabbb-58d4-4722-b6ab-7288634fb1f0.zip (5.10 MB) to /tmp/zipdeploy/extracted" date="2025-11-21T22:19:29.809" >
      <step title="ChmodRecursive Process exited with total time taken in ms: 593" date="2025-11-21T22:19:32.370" /><!-- duration: 28ms -->
    </step><!-- duration: 2617ms -->
    <step title="Deployment timer started" date="2025-11-21T22:19:34.503" >
      <step title="DeploymentManager.Deploy(id:cbb2c93f-8833-48c9-ada7-c90422854c1d)" date="2025-11-21T22:19:34.570" >
        <step title="Collecting changeset information" date="2025-11-21T22:19:34.811" /><!-- duration: 339ms -->
        <step title="Updating submodules" date="2025-11-21T22:19:35.179" /><!-- duration: 1359ms -->
        <step title="Determining deployment builder" date="2025-11-21T22:19:37.432" >
          <step title="Builder is BasicBuilder" date="2025-11-21T22:19:37.550" /><!-- duration: 27ms -->
        </step><!-- duration: 205ms -->
        <step title="PreDeployment: context.CleanOutputPath False" date="2025-11-21T22:19:37.914" >
          <step title="PreDeployment: context.OutputPath /home/site/wwwroot" date="2025-11-21T22:19:38.203" >
            <step title="Building" date="2025-11-21T22:19:39.041" >
              <step title="Executing external process" date="2025-11-21T22:19:40.740" type="process" path="starter.sh" arguments="/opt/Kudu/Scripts/parallel_rsync.sh /tmp/zipdeploy/extracted /home/site/wwwroot 8 /tmp/ False True  " /><!-- duration: 12216ms -->
              <step title="Triggering recycle (preview mode disabled)." date="2025-11-21T22:19:53.392" /><!-- duration: 17ms -->
              <step title="Modified file to trigger a restart of the app container." date="2025-11-21T22:19:53.516" /><!-- duration: 4ms -->
              <step title="Skip function trigger and logicapp sync because function is not enabled." date="2025-11-21T22:19:53.531" /><!-- duration: 5ms -->
            </step><!-- duration: 16295ms -->
          </step><!-- duration: 17201ms -->
          <step title="Cleaning up temp files" date="2025-11-21T22:19:55.414" /><!-- duration: 86ms -->
          <step title="Cleaning up temp files" date="2025-11-21T22:19:55.555" /><!-- duration: 541ms -->
          <step title="Reloading status file with latest updates" date="2025-11-21T22:19:56.218" >
            <step title="WebHooksManager.PublishEventAsync: PostDeployment" date="2025-11-21T22:19:56.246" /><!-- duration: 403ms -->
          </step><!-- duration: 463ms -->
          <step title="Cleaning up temporary deployment - fetch deployment was successful" date="2025-11-21T22:19:56.729" /><!-- duration: 37ms -->
        </step><!-- duration: 18964ms -->
      </step><!-- duration: 22362ms -->
