﻿<?xml version="1.0" encoding="utf-8"?>
<deployment>
  <id>bff4a1d7-44fa-429d-9048-c1096743f057</id>
  <author>N/A</author>
  <deployer>Push-Deployer</deployer>
  <authorEmail>N/A</authorEmail>
  <message>Created via a push deployment</message>
  <progress></progress>
  <status>Success</status>
  <statusText></statusText>
  <lastSuccessEndTime>2025-11-21T22:30:18.2235168Z</lastSuccessEndTime>
  <receivedTime>2025-11-21T22:30:07.2121071Z</receivedTime>
  <startTime>2025-11-21T22:30:10.1814303Z</startTime>
  <endTime>2025-11-21T22:30:18.2235168Z</endTime>
  <complete>True</complete>
  <is_temp>False</is_temp>
  <is_readonly>True</is_readonly>
  <buildSummary />
</deployment>