﻿<?xml version="1.0" encoding="utf-8"?>
<deployment>
  <id>4c564a54-8433-4cfe-adf2-56442df05552</id>
  <author>N/A</author>
  <deployer>Push-Deployer</deployer>
  <authorEmail>N/A</authorEmail>
  <message>Created via a push deployment</message>
  <progress></progress>
  <status>Success</status>
  <statusText></statusText>
  <lastSuccessEndTime>2025-11-21T22:18:49.9958945Z</lastSuccessEndTime>
  <receivedTime>2025-11-21T22:17:31.2363863Z</receivedTime>
  <startTime>2025-11-21T22:17:42.4040439Z</startTime>
  <endTime>2025-11-21T22:18:49.9958945Z</endTime>
  <complete>True</complete>
  <is_temp>False</is_temp>
  <is_readonly>True</is_readonly>
  <buildSummary />
</deployment>